crmrte,prbarr,prbconv,prbpris,polpc,density,urban,awage,lawage,crime
0.0398849,0.289696,0.402062,0.472222,0.0017868,2.307159,0,257.4241,5.550724919,1
0.0383449,0.338111,0.433005,0.506993,0.0017666,2.330254,0,272.7497,5.608554525,1
0.0303048,0.330449,0.525703,0.479705,0.0018358,2.341801,0,396.5378,5.982771371,0
0.0347259,0.362525,0.604706,0.520104,0.0018859,2.34642,0,299.1779,5.70103838,1
0.036573,0.325395,0.578723,0.497059,0.0019244,2.364896,0,312.5454,5.744749739,1
0.0347524,0.326062,0.512324,0.439863,0.0018952,2.385681,0,324.4893,5.782252562,1
0.0356036,0.29827,0.527596,0.43617,0.0018279,2.422633,0,339.4323,5.827274516,1
0.0163921,0.202899,0.869048,0.465753,0.0005939,0.976834,0,231.073,5.442733678,0
0.0190651,0.162218,0.772152,0.377049,0.0007047,0.992278,0,257.8745,5.552473032,0
0.0151492,0.181586,1.02817,0.438356,0.0006587,1.003861,0,281.5681,5.640374337,0
0.0136621,0.194986,0.885714,0.5,0.0006089,1.015444,0,264.0111,5.575991148,0
0.0120346,0.206897,0.909091,0.366667,0.0006413,1.030888,0,510.3591,6.235114596,0
0.0129982,0.156069,1.03704,0.392857,0.0006762,1.034749,0,284.7852,5.651735212,0
0.0152532,0.132029,1.48148,0.45,0.0007459,1.046332,0,294.7643,5.686176054,0
0.0093372,0.406593,0.27027,0.5,0.0008209,0.4127659,0,204.0445,5.318338107,0
0.0123229,0.38,0.736842,0.392857,0.0013555,0.4170213,0,216.4189,5.377215881,0
0.0128064,0.561905,0.559322,0.272727,0.0013416,0.4170213,0,419.6425,6.039403158,0
0.0138299,0.666667,0.447368,0.411765,0.0013345,0.4170213,0,230.2418,5.439130061,0
0.0124753,0.60396,0.180328,0.545455,0.0014822,0.4127659,0,239.363,5.477981228,0
0.0142385,0.695652,0.270833,0.269231,0.001135,0.4127659,0,270.4311,5.600017352,0
0.0129603,0.444444,0.267857,0.6,0.0012343,0.4127659,0,283.7386,5.648053392,0
0.0219159,0.431095,0.627049,0.431373,0.0014327,0.4821764,0,240.0475,5.48083682,0
0.0173807,0.612335,0.582734,0.37037,0.0014165,0.4878049,0,255.5708,5.543499475,0
0.024211,0.419405,0.787313,0.236967,0.0014398,0.489681,0,288.9087,5.666110721,0
0.0223434,0.412458,0.497959,0.442623,0.0015046,0.4915572,0,277.077,5.624295446,0
0.0245848,0.380655,0.381148,0.483871,0.0015341,0.4934334,0,286.421,5.657462756,0
0.0241281,0.308057,0.615385,0.483333,0.0014103,0.4934334,0,304.6803,5.71926303,0
0.0267532,0.36476,0.525424,0.435484,0.0015299,0.4915572,0,313.6815,5.74837814,0
0.0075178,0.631579,0.555556,0.383333,0.0008353,0.5305164,0,215.7928,5.374318688,0
0.0087368,0.567164,0.640351,0.356164,0.0007389,0.5352113,0,218.8694,5.388475205,0
0.0136804,0.377358,0.525,0.428571,0.0008604,0.5399061,0,323.7171,5.779869986,0
0.0143262,0.41018,0.664234,0.395604,0.0009007,0.544601,0,255.6768,5.543914147,0
0.0133173,0.393548,0.622951,0.407895,0.0009021,0.5492958,0,276.2563,5.621329058,0
0.0114417,0.462687,0.596774,0.445946,0.0008539,0.544601,0,288.1134,5.663354153,0
0.0106232,0.518219,0.476563,0.442623,0.0008602,0.5469484,0,306.5819,5.72548493,0
0.0188472,0.36965,0.557895,0.226415,0.0019067,0.5910931,0,214.2175,5.366991854,0
0.0198536,0.425856,0.196429,0.363636,0.0013588,0.5951417,0,226.1194,5.421063178,0
0.0191668,0.354244,0.354167,0.323529,0.0019803,0.5991903,0,296.9784,5.693659409,0
0.0168042,0.446429,0.21,0.380952,0.0025506,0.6072875,0,250.044,5.521636902,0
0.0141194,0.530806,0.455357,0.27451,0.0024759,0.6072875,0,267.0735,5.587523901,0
0.0170081,0.401544,0.211538,0.363636,0.0028238,0.6072875,0,268.6125,5.593269821,0
0.0146067,0.524664,0.0683761,0.5,0.002882,0.6113361,0,287.3655,5.660754925,0
0.0300493,0.319665,0.481675,0.5,0.001207,0.4975787,0,232.1397,5.447339346,0
0.0363259,0.332885,0.430303,0.497653,0.0013436,0.5048426,0,243.2692,5.494168649,1
0.0325271,0.326021,0.491879,0.485849,0.0014763,0.5096852,0,356.7127,5.876930696,1
0.0301272,0.302176,0.522667,0.423469,0.0012138,0.5145279,0,268.3619,5.592336443,0
0.0349786,0.298962,0.381944,0.454545,0.0013556,0.5242131,0,283.204,5.646167486,1
0.033536,0.309206,0.522727,0.430435,0.0012726,0.5169492,0,305.8858,5.72321183,1
0.0296409,0.365004,0.520607,0.420833,0.0013377,0.5169492,0,307.4884,5.728437363,0
0.0168055,0.453258,0.575,0.48913,0.0009521,0.3009986,0,208.8441,5.341588041,0
0.0200047,0.444706,0.37037,0.442857,0.0008473,0.3024251,0,223.0799,5.407530003,0
0.0142092,0.383607,0.820513,0.604167,0.0008852,0.3052782,0,447.6838,6.10408718,0
0.016346,0.345714,0.487603,0.457627,0.0009341,0.3038516,0,249.7062,5.520285027,0
0.0160135,0.423977,0.565517,0.47561,0.0008896,0.3052782,0,267.1694,5.587882914,0
0.0194461,0.419277,0.626437,0.412844,0.0009372,0.3024251,0,280.824,5.637728139,0
0.0202814,0.392111,0.769231,0.507692,0.0010353,0.3009986,0,298.6384,5.699233477,0
0.0186469,0.483986,0.463235,0.460317,0.0013272,0.3492605,0,218.411,5.386378609,0
0.0211586,0.420155,0.476015,0.387597,0.001345,0.3492605,0,225.1298,5.416677125,0
0.0202915,0.3632,0.546256,0.427419,0.0012987,0.3481229,0,347.9548,5.852072586,0
0.0179276,0.422383,0.581197,0.404412,0.0012621,0.3503982,0,247.4417,5.511174999,0
0.0196959,0.464463,0.30605,0.453488,0.0013673,0.3503982,0,252.6329,5.531937447,0
0.0185879,0.395257,0.62,0.395161,0.0014327,0.3503982,0,270.922,5.601830957,0
0.0304289,0.251599,0.436441,0.436893,0.0012976,0.3503982,0,283.2791,5.646432631,0
0.0225338,0.326196,0.505792,0.40458,0.0019298,0.4337209,0,269.6964,5.597296882,0
0.0183782,0.189313,1.12903,0.435714,0.001936,0.4534884,0,278.8597,5.630708788,0
0.0145267,0.232283,0.855932,0.356436,0.0021733,0.4767442,0,251.1218,5.52593808,0
0.013686,0.217308,1.04425,0.457627,0.0019476,0.5046512,0,306.1321,5.724016708,0
0.0128511,0.291667,1.22078,0.356383,0.0018741,0.5302325,0,327.2657,5.790772379,0
0.0174337,0.244819,0.84127,0.36478,0.001784,0.555814,0,333.6281,5.8100269,0
0.0221567,0.16286,1.22561,0.333333,0.0020243,0.5767442,0,349.9108,5.857678265,0
0.0350348,0.262854,0.291417,0.541096,0.0018014,2.461305,1,265.7538,5.582570316,1
0.0367896,0.240573,0.297741,0.565517,0.0017689,2.485584,1,283.1252,5.645889203,1
0.0366069,0.245824,0.307129,0.611714,0.0016787,2.497724,1,381.9787,5.945364848,1
0.0384395,0.250543,0.296778,0.559499,0.0017722,2.52352,1,310.5638,5.738389355,1
0.0413296,0.258131,0.272985,0.469854,0.0019133,2.555387,1,321.0129,5.771481309,1
0.0441642,0.248385,0.288191,0.413534,0.0018719,2.579666,1,337.7596,5.8223344,1
0.0437355,0.23476,0.334701,0.429072,0.0018296,2.602428,1,361.0363,5.888978507,1
0.0319175,0.194303,0.28884,0.439394,0.0014249,1.452381,0,250.0725,5.521750876,1
0.0290211,0.286639,0.277419,0.47093,0.0013685,1.470238,0,267.4081,5.588775956,0
0.0286164,0.280522,0.307309,0.356757,0.0013735,1.468254,0,368.2135,5.908662933,0
0.02755,0.334615,0.310345,0.393519,0.0013643,1.484127,0,296.0894,5.690661436,0
0.0293095,0.287442,0.294498,0.472527,0.0014041,1.501984,0,306.6458,5.725693336,0
0.0256248,0.304577,0.322971,0.385027,0.0013884,1.507936,0,319.7313,5.767480956,0
0.0269836,0.289121,0.40378,0.365957,0.0014611,1.511905,0,333.2905,5.809014482,0
0.0360686,0.255969,0.458955,0.617886,0.0015847,2.406593,0,255.9425,5.54495281,1
0.0370917,0.256811,0.43385,0.626374,0.0016122,2.450549,0,273.9404,5.612910564,1
0.0312138,0.291217,0.372064,0.598007,0.0016854,2.478022,0,407.02,6.008862324,0
0.029444,0.277323,0.41555,0.554839,0.0016528,2.510989,0,307.3222,5.727896709,0
0.0305075,0.282043,0.453287,0.544529,0.0016077,2.532967,0,321.3127,5.772414792,0
0.0319331,0.301602,0.320735,0.493631,0.0018003,2.546703,0,334.9561,5.813999478,1
0.0302542,0.323548,0.40678,0.492647,0.0019714,2.574176,0,356.4523,5.87620043,0
0.0353349,0.26433,0.230889,0.547297,0.0013843,1.44586,0,240.3913,5.482268012,1
0.0371544,0.303606,0.206897,0.364198,0.0013686,1.447983,0,243.21,5.493925268,1
0.0294409,0.244152,0.40519,0.433498,0.0014347,1.43949,0,279.2509,5.632110661,0
0.0300368,0.247358,0.339806,0.4,0.0014427,1.464968,0,277.6052,5.62619996,0
0.0355283,0.221862,0.357664,0.505102,0.001424,1.492569,0,290.9186,5.673043503,1
0.0366744,0.217357,0.316547,0.397727,0.0013907,1.488323,0,305.3683,5.721518589,1
0.0382489,0.268018,0.352941,0.321429,0.0014501,1.498938,0,321.9994,5.774549682,1
0.020039,0.484561,0.303922,0.5,0.0006188,0.4953271,0,213.4179,5.363252215,0
0.0144477,0.485342,0.47651,0.478873,0.0006589,0.5046729,0,226.2718,5.421736932,0
0.0161148,0.248555,0.872093,0.52,0.000652,0.5093458,0,276.2294,5.62123168,0
0.0141497,0.259615,0.938272,0.421053,0.0005442,0.5163552,0,246.3568,5.506780892,0
0.0153797,0.21791,1.30137,0.484211,0.0007805,0.5233645,0,262.4585,5.570092974,0
0.0153723,0.255072,1.04545,0.413043,0.000802,0.5257009,0,269.7975,5.597671678,0
0.0159189,0.27095,0.515464,0.48,0.0007559,0.5257009,0,288.7571,5.66558585,0
0.0414138,0.287653,0.252358,0.53271,0.0017513,2.694444,0,270.5478,5.600448792,1
0.0489555,0.239077,0.234968,0.457912,0.0017501,2.724747,0,284.4726,5.65063694,1
0.0412081,0.285427,0.246672,0.511111,0.0017224,2.760101,0,393.7613,5.975744888,1
0.0404708,0.282276,0.27012,0.39233,0.0017568,2.800505,0,313.8267,5.748840923,1
0.0455489,0.260844,0.299924,0.450633,0.0017862,2.84596,0,332.1548,5.805601125,1
0.0417065,0.252281,0.284272,0.449704,0.0019468,2.883838,0,318.0069,5.762073081,1
0.0408569,0.266026,0.325301,0.37037,0.0018944,2.924242,0,367.7882,5.907507229,1
0.0223026,0.238786,0.712707,0.341085,0.0010886,0.480226,0,232.8301,5.450309003,0
0.0201309,0.325145,0.466667,0.390476,0.0011636,0.4844633,0,248.7978,5.516640518,0
0.0190303,0.30711,0.359606,0.369863,0.0011228,0.4872881,0,289.0619,5.666640852,0
0.0196145,0.303338,0.363636,0.407895,0.0012526,0.4957627,0,272.7092,5.608406026,0
0.0207011,0.371547,0.356877,0.53125,0.0012295,0.5,0,288.15,5.663481178,0
0.0252807,0.336689,0.451827,0.154412,0.0012725,0.5084746,0,312.9012,5.745887486,0
0.0226017,0.321867,0.385496,0.316832,0.001305,0.5127119,0,336.8734,5.819707192,0
0.0158129,0.291803,0.280899,0.4,0.0011406,0.4269912,0,207.8763,5.336943191,0
0.0188128,0.258856,0.357895,0.441176,0.0011277,0.4314159,0,226.5746,5.423074251,0
0.0168941,0.3003,0.43,0.348837,0.0011669,0.4336283,0,545.8327,6.302312519,0
0.0142249,0.299296,0.458824,0.512821,0.0010018,0.4424779,0,259.014,5.556882114,0
0.0130587,0.286822,0.783784,0.258621,0.0011135,0.4469027,0,255.0626,5.541509005,0
0.0113079,0.20354,1.06522,0.44898,0.0010007,0.449115,0,279.1099,5.631605611,0
0.0119154,0.308333,0.972973,0.291667,0.0011915,0.4623894,0,290.0026,5.669889888,0
0.0365365,0.389247,0.243094,0.659091,0.0017286,0.6923077,0,241.6891,5.487652189,1
0.0304537,0.423469,0.39759,0.560606,0.0017091,0.6923077,0,247.8166,5.512688956,0
0.0220667,0.463415,0.496241,0.333333,0.0017684,0.6978022,0,389.8243,5.965696125,0
0.0158939,0.463415,0.536842,0.45098,0.0017057,0.7142857,0,271.6058,5.60435175,0
0.0125242,0.549383,0.651685,0.5,0.0016235,0.7252747,0,280.4044,5.636232847,0
0.0246998,0.332308,0.25,0.555556,0.001748,0.7362638,0,294.8609,5.68650372,0
0.0257713,0.307246,0.45283,0.520833,0.001494,0.7417582,0,318.2501,5.762837552,0
0.0344852,0.21688,0.457735,0.425087,0.0011571,1.790598,0,254.5855,5.539636732,1
0.0319727,0.219476,0.327731,0.533333,0.001144,1.792735,0,265.764,5.582608697,1
0.0351112,0.229739,0.278426,0.502618,0.0011406,1.790598,0,397.3216,5.984746028,1
0.0376378,0.238544,0.364474,0.516245,0.0011813,1.814103,0,293.625,5.682303443,1
0.03854,0.215789,0.321377,0.53125,0.0011813,1.84188,0,306.4944,5.725199484,1
0.0312755,0.278193,0.302013,0.56,0.0011912,1.839744,0,323.0347,5.777759748,0
0.0362807,0.202627,0.450567,0.47482,0.0012153,1.844017,0,341.0167,5.83193145,1
0.0319193,0.302526,0.368635,0.458564,0.0019077,0.5501066,0,230.0155,5.438146698,1
0.0305205,0.336927,0.538,0.371747,0.0018921,0.5479744,0,248.073,5.513723058,0
0.0291268,0.210342,0.647841,0.328205,0.0019336,0.5501066,0,506.615,6.227751346,0
0.0296451,0.178862,0.579545,0.385621,0.0019081,0.5533049,0,282.2088,5.642647222,0
0.0293452,0.235624,0.625,0.385714,0.0020167,0.5554371,0,295.0711,5.687216344,0
0.031931,0.188847,0.691275,0.34466,0.0019223,0.5575693,0,333.9485,5.810986789,1
0.0313623,0.182927,0.763333,0.270742,0.0012813,0.5639659,0,324.8936,5.783497744,0
0.0359381,0.270776,0.309798,0.432558,0.0011919,1.024251,0,246.5685,5.507639845,1
0.0361096,0.310412,0.340426,0.408088,0.0013467,1.048502,0,257.67,5.551679696,1
0.0359286,0.272624,0.315278,0.418502,0.0014829,1.064194,0,337.3075,5.820994977,1
0.0319024,0.326141,0.361323,0.40493,0.0015091,1.095578,0,278.7076,5.630163204,1
0.030183,0.322888,0.398031,0.392226,0.0015352,1.132668,0,296.144,5.690845823,0
0.0320147,0.253112,0.462295,0.375887,0.0014745,1.14408,0,312.3655,5.744173977,1
0.0374979,0.26442,0.371879,0.35689,0.0014853,1.14408,0,329.6237,5.797951701,1
0.0630904,0.201316,0.262496,0.481437,0.0014254,3.7793,1,246.3062,5.506575477,1
0.0628671,0.223799,0.257295,0.417666,0.0014883,3.7793,1,264.3788,5.577382923,1
0.060056,0.214351,0.27041,0.417508,0.0014377,3.817352,1,365.8921,5.902338481,1
0.0591762,0.1901,0.322122,0.449946,0.0014549,3.866058,1,293.2251,5.680940573,1
0.0712392,0.171519,0.308015,0.413636,0.0016594,3.888889,1,307.6274,5.72888931,1
0.0704214,0.166131,0.275701,0.424939,0.0014956,3.913242,1,324.6006,5.782595504,1
0.0883849,0.155248,0.259833,0.407628,0.001908,3.934551,1,340.9749,5.831808868,1
0.0196669,0.252252,1.21429,0.176471,0.0008859,0.4414063,0,194.5675,5.270779147,0
0.0199702,0.184211,0.690476,0.241379,0.0009635,0.4570313,0,198.8374,5.292487405,0
0.0222781,0.217899,0.642857,0.194444,0.0008669,0.4882813,0,395.5205,5.980202619,0
0.0138866,0.228916,0.921053,0.371429,0.0009202,0.5039063,0,235.7891,5.462937761,0
0.0170847,0.159091,1.05714,0.378378,0.0008542,0.5039063,0,244.3449,5.498580752,0
0.0138049,0.337079,0.5,0.333333,0.0009307,0.5234375,0,266.1433,5.584034886,0
0.0140655,0.303191,0.140351,0.25,0.0011222,0.5351563,0,280.1138,5.635195949,0
0.0397498,0.143426,0.944444,0.367647,0.0032465,0.3606138,0,211.1699,5.352663023,1
0.0467392,0.164154,0.561224,0.454545,0.0032882,0.3759591,0,225.1106,5.416591837,1
0.0530843,0.134307,0.543478,0.34,0.0033323,0.3913043,0,381.5725,5.944300872,1
0.0504352,0.180501,0.335766,0.26087,0.0029902,0.4143223,0,255.3661,5.542698202,1
0.0635231,0.202885,0.241706,0.490196,0.0036037,0.4424552,0,264.3799,5.577387084,1
0.074755,0.257564,0.253012,0.25,0.0040596,0.4782609,0,293.8034,5.682910836,1
0.0790163,0.224628,0.207831,0.304348,0.0040096,0.5115089,0,310.7119,5.738866116,1
0.0368013,0.205165,0.533487,0.41342,0.0013775,2.087591,0,244.5441,5.499395661,1
0.0312481,0.281931,0.52544,0.376164,0.0013448,2.104015,0,260.3219,5.561918942,0
0.0290823,0.275154,0.47548,0.376682,0.0013052,2.114964,0,345.9195,5.846206089,0
0.0258322,0.29059,0.489168,0.30303,0.0013524,2.144161,0,287.6405,5.661711437,0
0.0259898,0.303672,0.48366,0.326577,0.0013412,2.164234,0,305.401,5.721625667,0
0.027782,0.291425,0.522513,0.330661,0.0013819,2.20073,0,319.2465,5.765963532,0
0.0300216,0.222002,0.736909,0.320624,0.0013619,2.251825,0,336.5108,5.818630244,0
0.0183936,0.257642,0.601695,0.56338,0.0010442,0.9513109,0,236.6779,5.466700145,0
0.016081,0.209877,0.729412,0.387097,0.0009927,0.9700375,0,246.9809,5.509311006,0
0.0159541,0.23399,0.789474,0.333333,0.001061,0.9925094,0,285.1728,5.653095312,0
0.0160226,0.301176,0.554688,0.323944,0.0010933,1.007491,0,275.7289,5.619418137,0
0.015924,0.231651,1.22772,0.241935,0.0008765,1.037453,0,288.0242,5.663044504,0
0.0193287,0.796262,0.13615,0.431034,0.0010477,1.011236,0,302.7203,5.712809277,0
0.0233327,0.227753,0.622517,0.425532,0.0011965,1.026217,0,322.4152,5.775840156,0
0.0248057,0.1917,0.912371,0.39548,0.0012501,0.4981685,0,218.4306,5.386468344,0
0.0225081,0.279781,0.628906,0.447205,0.0013284,0.5006105,0,235.0661,5.459866751,0
0.0177485,0.411523,0.546667,0.481707,0.0015338,0.5018315,0,488.3295,6.190990383,0
0.0169917,0.396527,0.547445,0.4,0.001377,0.5079365,0,250.5922,5.523826917,0
0.0179394,0.495924,0.454795,0.391566,0.0013649,0.5079365,0,272.7788,5.60866121,0
0.0215632,0.343537,0.640264,0.350515,0.0014913,0.5091575,0,287.0262,5.659573501,0
0.0233677,0.398119,0.493438,0.361702,0.0014162,0.5079365,0,291.2081,5.674038132,0
0.0813022,0.157454,0.270823,0.388679,0.0022306,5.177852,1,292.7813,5.679425914,1
0.0785857,0.155625,0.313591,0.394604,0.0024576,5.214765,1,319.2212,5.765884279,1
0.0760822,0.140742,0.349671,0.417094,0.0025922,5.2651,1,381.9971,5.945413017,1
0.073959,0.12898,0.405121,0.465154,0.0027058,5.345638,1,584.9499,6.371526203,1
0.0703023,0.142794,0.519003,0.40096,0.0023205,5.426175,1,381.6037,5.944382636,1
0.0690603,0.113018,0.509539,0.424337,0.0023762,5.563758,1,406.1325,6.006679461,1
0.0706599,0.133225,0.459216,0.363636,0.0023761,5.674497,1,439.1508,6.084842862,1
0.054168,0.130332,0.524675,0.480198,0.0010269,1.118577,0,258.8059,5.55607836,1
0.0524684,0.158604,0.566449,0.538462,0.0010153,1.126482,0,276.4125,5.621894315,1
0.0458803,0.15526,0.397985,0.462025,0.0009869,1.132411,0,271.4232,5.603679226,1
0.0481331,0.135991,0.646575,0.580508,0.0010581,1.144269,0,302.8312,5.713175555,1
0.0603418,0.311758,0.140317,0.38914,0.0006569,1.156126,0,321.3267,5.772458363,1
0.0636435,0.286722,0.141192,0.426606,0.00065,1.166008,0,332.3667,5.806238877,1
0.0658801,0.28733,0.154452,0.403922,0.0018574,1.167984,0,353.2057,5.867050607,1
0.0619138,0.185028,0.288693,0.529988,0.0017366,6.002427,1,217.1376,5.380531254,1
0.0623111,0.20316,0.289915,0.644493,0.0019691,6.065534,1,209.9759,5.346992762,1
0.0593568,0.205525,0.294805,0.5837,0.0019844,6.126214,1,235.991,5.463793669,1
0.0518556,0.220271,0.297982,0.548794,0.0019539,6.184466,1,254.0335,5.537466148,1
0.0475793,0.222561,0.276769,0.519411,0.0020049,6.28398,1,270.0085,5.59845344,1
0.0573538,0.201052,0.266018,0.503153,0.0020076,6.330097,1,284.3487,5.650201302,1
0.0614177,0.217215,0.248276,0.488426,0.0021775,6.427185,1,299.1946,5.701094198,1
0.0151278,0.43018,0.628272,0.475,0.0010903,0.6153846,0,311.8757,5.742604711,0
0.0125657,0.466488,0.747126,0.353846,0.0010106,0.6234818,0,304.2275,5.717775777,0
0.0140695,0.469194,1.06061,0.252381,0.0010335,0.6315789,0,349.6762,5.857007583,0
0.012961,0.492386,0.438144,0.505882,0.0010856,0.6437247,0,369.0474,5.910925091,0
0.0123078,0.386301,0.929078,0.381679,0.0011128,0.6639676,0,383.3522,5.948954149,0
0.0166801,0.304833,0.817073,0.335821,0.0010231,0.6923077,0,398.713,5.98824186,0
0.0173158,0.283505,0.739394,0.418033,0.0010711,0.7125506,0,422.9731,6.047308584,0
0.0578315,0.200021,0.304737,0.42487,0.0017899,4.616247,0,271.3619,5.603453354,1
0.067442,0.179522,0.245524,0.475,0.001957,4.661065,0,284.636,5.651211171,1
0.0609887,0.162985,0.355817,0.483478,0.0019868,4.680672,0,301.5795,5.709033663,1
0.0585782,0.168659,0.284676,0.468085,0.0019089,4.739496,0,318.1508,5.762525484,1
0.0571815,0.219947,0.274481,0.528998,0.0019111,4.817927,0,333.4871,5.809604184,1
0.0555218,0.249463,0.209983,0.44877,0.0019489,4.809524,0,351.3061,5.861657923,1
0.0544061,0.243119,0.22959,0.379175,0.0020703,4.834734,0,370.8351,5.915757489,1
0.0321369,0.214431,0.57346,0.421488,0.0022208,0.6460674,0,228.8573,5.433098665,1
0.0380832,0.213855,0.566901,0.459627,0.0021508,0.6591761,0,239.7585,5.479632167,1
0.0347969,0.233279,0.727273,0.346154,0.002299,0.670412,0,252.6046,5.53182542,1
0.0352097,0.278521,0.466102,0.454545,0.0023824,0.6797753,0,270.4166,5.599963733,1
0.0398521,0.206371,0.681208,0.512315,0.0024011,0.6872659,0,282.2307,5.642724822,1
0.0432589,0.179697,0.414035,0.584746,0.0024002,0.7059925,0,312.2308,5.743742658,1
0.0441957,0.190876,0.528302,0.488095,0.0024671,0.7172285,0,325.1812,5.784382565,1
0.018777,0.332237,0.60396,0.42623,0.0012353,0.6052632,0,203.4784,5.315559857,0
0.0166299,0.298755,1,0.513889,0.0013801,0.6052632,0,224.165,5.412382388,0
0.0137267,0.228856,0.804348,0.486486,0.001161,0.6203008,0,223.6871,5.4102482,0
0.0115195,0.357143,1.13333,0.338235,0.0013028,0.6203008,0,247.8859,5.51296856,0
0.0118946,0.316327,0.919355,0.508772,0.001153,0.6203008,0,253.065,5.533646373,0
0.0112693,0.241935,1,0.488889,0.00103,0.6203008,0,270.4101,5.599939696,0
0.0156759,0.411538,0.308411,0.454545,0.001025,0.6203008,0,286.6437,5.658239981,0
0.063468,0.25921,0.236498,0.526442,0.002173,4.904762,1,299.9264,5.703537111,1
0.0597609,0.280019,0.24277,0.496206,0.0020898,4.932412,1,318.206,5.762698972,1
0.0524466,0.28878,0.268882,0.456929,0.002239,4.960062,1,334.2296,5.811828182,1
0.048507,0.281099,0.261102,0.444444,0.0022974,4.993855,1,353.1678,5.866943298,1
0.0527319,0.30938,0.231522,0.501219,0.0022705,5.023041,1,374.288,5.925025555,1
0.0570522,0.282828,0.229781,0.419408,0.0022685,5.064516,1,388.9542,5.963461599,1
0.0604498,0.300215,0.203725,0.43102,0.0024356,5.124424,1,411.2707,6.019251635,1
0.0314616,0.406452,0.443001,0.42671,0.0015685,0.7638121,0,236.3782,5.465433065,0
0.0315983,0.408199,0.448373,0.504732,0.0015142,0.7665746,0,251.2304,5.526370446,1
0.0265988,0.455234,0.458396,0.478548,0.0015204,0.769337,0,266.0097,5.583532774,0
0.0268714,0.349899,0.596929,0.511254,0.001552,0.7720994,0,281.6689,5.640732268,0
0.0289042,0.398487,0.568038,0.417827,0.0016038,0.7734807,0,296.3055,5.691391017,0
0.0265029,0.455168,0.62406,0.373494,0.0014149,0.7734807,0,316.1571,5.756239242,0
0.0315752,0.456394,0.45721,0.410256,0.0013853,0.781768,0,331.5038,5.803639273,0
0.0383181,0.229671,0.323917,0.44186,0.0013922,1.006656,0,226.4712,5.422617785,1
0.0448326,0.207602,0.369718,0.509524,0.0013437,1.016639,0,239.2137,5.477357295,1
0.0411592,0.213554,0.559041,0.491749,0.0014433,1.024958,0,251.6967,5.528224791,1
0.0354902,0.232747,0.505814,0.417625,0.0013927,1.031614,0,264.5403,5.577993603,1
0.0372284,0.203632,0.4862,0.393013,0.0014164,1.049917,0,289.6894,5.668809315,1
0.04192,0.189701,0.461078,0.506494,0.0014127,1.064892,0,302.5439,5.712226391,1
0.0490712,0.146132,0.54902,0.428571,0.0014373,1.081531,0,319.8716,5.767919665,1
0.0249672,0.271804,0.35514,0.385965,0.0014799,0.845045,0,257.8286,5.552295023,0
0.0294296,0.253551,0.218487,0.294872,0.0014422,0.8486487,0,268.3755,5.592387119,0
0.0292305,0.264685,0.36631,0.335766,0.0014274,0.8468469,0,284.1379,5.649459684,0
0.0299963,0.264177,0.340314,0.376923,0.0014936,0.8576577,0,295.6549,5.689192896,0
0.0302089,0.284615,0.36855,0.4,0.0014999,0.863063,0,318.89,5.764846216,0
0.0235257,0.267081,0.574751,0.254335,0.0016909,0.8738739,0,363.7128,5.896364545,0
0.0286781,0.215108,0.548495,0.341463,0.0016918,0.8648649,0,348.3749,5.853279199,0
0.0268278,0.341525,0.391144,0.40566,0.0009298,1.614973,0,259.6306,5.559259852,0
0.0290652,0.26797,0.379828,0.372881,0.0010697,1.657754,0,277.6487,5.626356646,0
0.0266806,0.270304,0.348624,0.447368,0.0010752,1.68984,0,287.8722,5.662516632,0
0.0222881,0.340877,0.43361,0.363636,0.0012452,1.735294,0,300.1545,5.704297342,0
0.0268714,0.287106,0.483034,0.392562,0.0012165,1.770054,0,317.6518,5.760955814,0
0.0286617,0.229837,0.488532,0.394366,0.0012389,1.796791,0,329.7369,5.798295064,0
0.0283836,0.296646,0.386926,0.415525,0.0012645,1.815508,0,350.6828,5.859882111,0
0.0327883,0.341398,0.456693,0.491379,0.0014543,0.6573034,0,226.3354,5.42201797,1
0.0339434,0.36457,0.366197,0.471154,0.0014815,0.6601124,0,238.6527,5.475009357,1
0.028893,0.335821,0.368889,0.518072,0.0015525,0.6657304,0,252.5162,5.531475405,0
0.0292986,0.345133,0.636752,0.348993,0.0013828,0.6685393,0,262.5276,5.570356219,0
0.0265877,0.281201,0.55618,0.505051,0.0014281,0.6713483,0,283.8152,5.648323322,0
0.0315165,0.354111,0.404494,0.37963,0.001463,0.6769663,0,293.4574,5.681732484,0
0.0384263,0.343074,0.589905,0.454545,0.0016219,0.6713483,0,310.8752,5.739391545,1
0.0371141,0.332464,0.694118,0.367232,0.0013549,0.5370844,0,205.9457,5.327612542,1
0.031241,0.31853,0.572115,0.336134,0.0013396,0.5498721,0,212.5957,5.35939224,0
0.0292154,0.327391,0.658416,0.421053,0.0013258,0.5575448,0,223.5235,5.409516554,0
0.0336595,0.316285,0.46383,0.40367,0.0013138,0.567775,0,399.5435,5.990322645,1
0.0313736,0.308782,0.513761,0.464286,0.0013776,0.5780051,0,243.2597,5.494129597,0
0.0384803,0.317552,0.447273,0.439024,0.0015108,0.5933504,0,258.0973,5.553336646,1
0.0362222,0.338902,0.573944,0.484663,0.0014264,0.6112532,0,275.5153,5.618643162,1
0.0417355,0.292683,0.428431,0.352403,0.0015449,1.458188,0,250.9314,5.525179595,1
0.0427797,0.267091,0.498446,0.451143,0.0015511,1.472125,0,261.1671,5.565160432,1
0.0363496,0.245003,0.552632,0.32381,0.001453,1.479094,0,279.5344,5.633125362,1
0.0345321,0.335916,0.580742,0.369603,0.0015125,1.506969,0,294.1859,5.68421188,1
0.035918,0.270653,0.679335,0.382867,0.0015471,1.522648,0,308.75,5.732531888,1
0.0408816,0.240819,0.633295,0.360294,0.0015243,1.54007,0,324.1094,5.781081113,1
0.0334506,0.302231,0.595078,0.409774,0.0015267,1.566202,0,345.3586,5.844583297,1
0.0186696,0.117886,0.655172,0.210526,0.001442,0.5356416,0,229.243,5.434782576,0
0.0198469,0.141777,1.02667,0.168831,0.0010505,0.5397149,0,241.9248,5.488626934,0
0.0155948,0.0595238,1.88,0.148936,0.0014481,0.5437882,0,258.952,5.556642716,0
0.0150138,0.117647,0.8125,0.461538,0.0015087,0.5498981,0,270.8982,5.601743105,0
0.0132968,0.115152,1.78947,0.323529,0.0015714,0.5498981,0,285.1246,5.652926278,0
0.0185803,0.12035,0.781818,0.209302,0.0017482,0.5417515,0,293.5828,5.682159712,0
0.0171865,0.153846,1.23438,0.556962,0.0018591,0.5478615,0,308.2973,5.731064577,0
0.0306114,0.173853,0.906667,0.476471,0.0012205,0.9018868,0,223.862,5.411029791,0
0.0331686,0.183908,0.708333,0.437908,0.0012567,0.9119497,0,235.0731,5.45989653,1
0.0284245,0.184366,0.813333,0.370492,0.0012437,0.9207547,0,246.9034,5.508997167,0
0.0300807,0.182151,0.660804,0.43346,0.0012666,0.9433962,0,260.2632,5.561693427,0
0.0315835,0.159032,0.682065,0.513944,0.0013649,0.9672956,0,281.2433,5.639220131,0
0.0377065,0.41939,0.246575,0.423611,0.001381,0.9836478,0,295.9964,5.690347292,1
0.0409403,0.149936,0.571429,0.473881,0.0014005,0.9962264,0,313.1894,5.746808119,1
0.0626787,0.255328,0.437396,0.465649,0.0018435,1.436293,0,236.5227,5.466044186,1
0.0579285,0.278614,0.523732,0.521875,0.0017698,1.459459,0,261.0579,5.564742222,1
0.0482863,0.266919,0.476673,0.519149,0.0018039,1.482625,0,274.5607,5.615172366,1
0.0354481,0.3,0.459854,0.486772,0.0018112,1.517375,0,287.7971,5.662255718,1
0.0445928,0.268571,0.493617,0.49569,0.0018347,1.567568,0,300.1734,5.704360308,1
0.0504341,0.294377,0.342193,0.495146,0.001751,1.598456,0,315.0155,5.752621844,1
0.0514152,0.3814,0.384236,0.38141,0.0019561,1.598456,0,330.8846,5.801769674,1
0.0434509,0.231735,0.328407,0.565,0.0015707,1.495025,0,253.638,5.535908054,1
0.0465892,0.225263,0.53271,0.274854,0.0015857,1.495025,0,265.1034,5.580119939,1
0.0489079,0.246113,0.302419,0.475556,0.0016179,1.507463,0,278.2857,5.628648284,1
0.0479757,0.233999,0.341534,0.45339,0.0016084,1.50995,0,289.1774,5.667040341,1
0.0451353,0.295413,0.275776,0.495495,0.0016232,1.504975,0,303.1661,5.71428084,1
0.0450373,0.306499,0.26988,0.375,0.0016465,1.497512,0,314.5101,5.75101619,1
0.0497552,0.212895,0.364353,0.450216,0.0016875,1.502488,0,327.46,5.79136591,1
0.0149547,0.307573,0.497487,0.414141,0.001017,1.439597,0,245.4757,5.503197961,0
0.0174821,0.207843,0.471698,0.413333,0.0010741,1.45302,0,253.597,5.535746393,0
0.018975,0.234803,0.527919,0.375,0.0011082,1.463087,0,261.0256,5.564618487,0
0.0193141,0.221963,0.473684,0.555556,0.0011958,1.493289,0,275.974,5.620306658,0
0.0199467,0.244344,0.518519,0.446429,0.0010831,1.533557,0,290.6086,5.671977345,0
0.0178687,0.34625,0.418773,0.482759,0.0011838,1.553691,0,304.0214,5.717098094,0
0.0230995,0.162769,0.781609,0.411765,0.0010804,1.59396,0,322.4913,5.776076159,0
0.0231378,0.321212,0.418868,0.414414,0.0008694,0.819222,0,240.1947,5.481449844,0
0.0207409,0.244652,0.459016,0.547619,0.0008041,0.8237987,0,256.0783,5.545483257,0
0.0130077,0.352321,0.532934,0.494382,0.0008233,0.8260869,0,265.9276,5.583224091,0
0.012742,0.382979,0.527778,0.515789,0.0008947,0.8306636,0,274.597,5.615304568,0
0.0144764,0.356725,0.568306,0.346154,0.0009594,0.8306636,0,290.8787,5.672906342,0
0.0170996,0.24547,0.66443,0.363636,0.0009296,0.8283753,0,307.2103,5.727532529,0
0.0183048,0.202112,0.522388,0.542857,0.0011872,0.8306636,0,319.9348,5.768117225,0
0.0121416,0.417671,0.201923,0.52381,0.0017067,0.410058,0,207.8053,5.336601584,0
0.009353,0.546392,0.141509,0.266667,0.0014946,0.4216634,0,223.5157,5.409481658,0
0.0118809,0.425703,0.122642,0.307692,0.0017654,0.4313346,0,226.0135,5.420594732,0
0.0111992,0.532,0.225564,0.3,0.0015679,0.4410058,0,227.4552,5.426953296,0
0.0115498,0.501901,0.19697,0.153846,0.001537,0.4468085,0,255.7257,5.544105386,0
0.0111381,0.233463,0.866667,0.346154,0.0015169,0.4468085,0,273.4156,5.610992982,0
0.0142071,0.179878,0.220339,0.461538,0.001516,0.4487427,0,286.838,5.658917596,0
0.0053566,0.3125,2.8,0.357143,0.0087044,0.3813747,0,239.0322,5.476598271,0
0.0036596,1,1.625,0.461538,0.0128088,0.3769401,0,251.321,5.526731007,0
0.0018116,2.75,2.27273,0.24,0.0131341,0.3747228,0,269.8035,5.597693916,0
0.0018815,1,3,0.583333,0.0150517,0.3813747,0,283.3273,5.646602766,0
0.0047949,0.888889,1.625,0.461538,0.0165157,0.3813747,0,306.3046,5.724580032,0
0.0047518,1,2.55556,0.26087,0.0168955,0.3858093,0,325.1184,5.784189424,0
0.0055332,1.09091,1.5,0.5,0.0090543,0.3858093,0,347.7498,5.851483256,0
0.0127531,0.609091,0.651741,0.435115,0.0005024,0.5704989,0,230.0457,5.438277985,0
0.0175385,0.272331,0.928,0.568966,0.0004585,0.5683297,0,240.5656,5.482992817,0
0.0145596,0.319481,0.902439,0.594595,0.0006807,0.5704989,0,251.9951,5.529409643,0
0.0188914,0.261477,1.08397,0.471831,0.0004902,0.5791757,0,253.3253,5.534674434,0
0.0177404,0.307368,0.924658,0.42963,0.0005229,0.5791757,0,274.4417,5.614738852,0
0.0228867,0.24918,0.769737,0.376068,0.0007879,0.5791757,0,286.4882,5.657697349,0
0.0268723,0.370474,0.793233,0.236967,0.0011976,0.5813449,0,302.1525,5.710931857,0
0.0816495,0.172961,0.218018,0.374204,0.0018753,7.814394,1,320.0208,5.768385994,1
0.0890352,0.175904,0.223615,0.365398,0.0018468,7.952652,1,339.2533,5.826747026,1
0.0854819,0.17228,0.271984,0.301683,0.0021472,8.045455,1,362.9031,5.894135856,1
0.0868929,0.164384,0.288297,0.45268,0.0018195,8.210227,1,377.9153,5.934670096,1
0.0874663,0.151541,0.320506,0.505138,0.0018105,8.395833,1,395.5687,5.980324476,1
0.0913066,0.156771,0.351752,0.488779,0.0018644,8.579545,1,413.011,6.023474227,1
0.0989659,0.149094,0.3478,0.486183,0.0022313,8.827652,1,441.6914,6.090611448,1
0.0374067,0.430933,0.276712,0.356436,0.0015457,0.4632653,0,231.7119,5.44549479,1
0.0354991,0.467405,0.265789,0.376238,0.0014846,0.4653061,0,239.3013,5.477723427,1
0.0333204,0.400778,0.355987,0.436364,0.0016855,0.4755102,0,251.8182,5.528707399,1
0.0302041,0.455192,0.259375,0.445783,0.0015897,0.4836735,0,259.5446,5.558928557,0
0.0321128,0.431193,0.24924,0.426829,0.0017677,0.4857143,0,276.1776,5.621044137,1
0.0338801,0.390212,0.498305,0.278912,0.0018374,0.4857143,0,294.5492,5.685446052,1
0.0300184,0.48743,0.226361,0.443038,0.0017609,0.4938776,0,302.8294,5.713169611,0
0.0330362,0.311899,0.649326,0.350148,0.0017074,0.7303852,0,244.2077,5.498019093,1
0.0295613,0.290837,0.518265,0.330396,0.001747,0.7389444,0,256.676,5.547814589,0
0.0264993,0.329912,0.522222,0.391489,0.0018068,0.7546362,0,268.4382,5.59262072,0
0.0240551,0.298289,0.521858,0.460733,0.0019409,0.7717546,0,278.2595,5.628554132,0
0.0230652,0.350532,0.448598,0.421875,0.001889,0.7831669,0,294.6997,5.685956872,0
0.0237337,0.288854,0.747283,0.352727,0.0019188,0.8002853,0,312.9255,5.745965143,0
0.0266287,0.269043,0.438961,0.39645,0.0020097,0.8202568,0,325.124,5.784206648,0
0.0495042,0.582504,0.125842,0.522634,0.0007317,1.257407,0,262.3391,5.569637942,1
0.050565,0.454035,0.173828,0.569288,0.0007473,1.268519,0,276.6984,5.622928104,1
0.0439535,0.437832,0.189066,0.554217,0.0007306,1.283333,0,295.2681,5.687883757,1
0.0448501,0.384416,0.222876,0.569811,0.0007105,1.298148,0,308.0706,5.730328977,1
0.0258142,0.15545,1.68902,0.418773,0.0012234,1.312963,0,321.4063,5.772706055,0
0.0259867,0.205056,1.29224,0.388693,0.0013139,1.318519,0,341.8444,5.834355663,0
0.0291496,0.179616,1.35814,0.335616,0.0015829,1.338889,0,363.3658,5.89541004,0
0.0839218,0.216807,0.386555,0.423913,0.0020641,5.702703,1,272.7034,5.608384758,1
0.0777385,0.236874,0.435095,0.403302,0.0020313,5.816216,1,291.8087,5.676098451,1
0.0634987,0.250626,0.412456,0.522792,0.0021786,5.881081,1,314.8926,5.752231628,1
0.0661003,0.223792,0.336634,0.411765,0.0023617,5.967567,1,315.1984,5.753202282,1
0.070914,0.224474,0.395055,0.452693,0.0024624,6.07027,1,335.2932,5.815005373,1
0.0763696,0.233699,0.387992,0.435631,0.0026114,6.194594,1,356.0322,5.875021176,1
0.0834982,0.236601,0.393413,0.415158,0.0025585,6.286487,1,370.8377,5.915764501,1
0.0218448,0.542373,0.347656,0.449438,0.0012496,0.4126394,0,205.0697,5.323349921,0
0.0202951,0.498824,0.54717,0.362069,0.0008596,0.4126394,0,212.9242,5.360936234,0
0.0155024,0.503049,0.49697,0.585366,0.0008507,0.4126394,0,225.7076,5.419240356,0
0.0137993,0.587629,0.619883,0.311321,0.0008062,0.4144982,0,241.8068,5.48813906,0
0.0144598,0.777778,0.423645,0.476744,0.0009972,0.4163569,0,262.4485,5.570054872,0
0.0155081,0.641844,0.530387,0.427083,0.0007699,0.4182156,0,276.5975,5.622563381,0
0.0189848,0.689024,0.495575,0.401786,0.0012155,0.4126394,0,293.8327,5.683010558,0
0.041821,0.229851,0.350638,0.319481,0.0012256,1.491481,0,213.0177,5.361375261,1
0.0405609,0.234742,0.294545,0.407407,0.0011945,1.503277,0,221.207,5.399098915,1
0.0393081,0.213348,0.370256,0.376731,0.0012042,1.55308,0,234.0214,5.455412564,1
0.0381837,0.224901,0.340156,0.366762,0.0012304,1.57405,0,235.4258,5.46139579,1
0.0517775,0.239668,0.241749,0.334471,0.001546,1.608126,0,251.4355,5.527186495,1
0.0535404,0.244457,0.253049,0.370482,0.0015263,1.63827,0,263.3813,5.573602792,1
0.0551287,0.26696,0.271947,0.334951,0.0015446,1.650066,0,275.2741,5.617767329,1
0.0570824,0.134516,0.409015,0.383673,0.002192,1.9375,0,266.8419,5.586656348,1
0.0540804,0.137099,0.420513,0.361789,0.0017997,1.955,0,296.781,5.692994493,1
0.0516532,0.128946,0.39548,0.347619,0.0022578,1.985,0,297.8424,5.696564488,1
0.0524006,0.109684,0.336226,0.56129,0.0023563,2.015,0,316.4176,5.75706286,1
0.0517818,0.106241,0.441704,0.385787,0.0023066,2.065,0,336.6589,5.819070252,1
0.0554268,0.0906305,0.495169,0.360976,0.0023539,2.1175,0,353.2166,5.867081466,1
0.0628972,0.09277,0.477733,0.385593,0.0023387,2.1575,0,369.9461,5.913357319,1
0.0127292,0.253731,0.735294,0.48,0.00057,0.3049853,0,202.6739,5.311598283,0
0.0204753,0.233945,0.490196,0.28,0.0006575,0.3108504,0,214.4519,5.368085471,0
0.017568,0.111732,2.05,0.390244,0.0005889,0.3108504,0,227.7714,5.428342494,0
0.0106549,0.201835,1.13636,0.44,0.0005865,0.3167155,0,219.1539,5.389774223,0
0.0108666,0.271186,0.59375,0.421053,0.0005525,0.3225806,0,243.8322,5.496480284,0
0.0124818,0.277372,1.21053,0.304348,0.0006378,0.3196481,0,250.7321,5.524385038,0
0.0126662,0.207143,1.06897,0.322581,0.0008143,0.3167155,0,267.522,5.589201806,0
0.0278244,0.628767,0.318083,0.40411,0.001639,1.25,0,231.2445,5.443475592,0
0.027246,0.526971,0.354331,0.488889,0.0015828,1.25,0,242.3426,5.490352427,0
0.0270391,0.524138,0.3,0.394737,0.0016037,1.254386,0,256.9762,5.548983474,0
0.0295938,0.529885,0.277657,0.367188,0.0014287,1.276316,0,268.7237,5.593683714,0
0.0362156,0.408571,0.354312,0.493421,0.0013107,1.289474,0,286.3793,5.657317156,1
0.029023,0.420188,0.365922,0.458015,0.0011582,1.311404,0,295.26,5.687856324,0
0.024347,0.522696,0.289474,0.345455,0.0016745,1.333333,0,314.957,5.752436122,0
0.0287834,0.233025,0.251656,0.421053,0.0010216,0.2582857,0,205.6573,5.326211191,0
0.0267457,0.223317,0.617647,0.333333,0.0009662,0.2628571,0,215.8831,5.374737057,0
0.0907109,0.298077,1.09677,0.470588,0.0109028,0.2662857,0,229.3373,5.435193846,1
0.0847914,0.380952,2.20833,0.509434,0.0309556,0.272,0,231.3145,5.443778256,1
0.0609911,0.208333,12.2,0.270492,0.0355781,0.2788571,0,256.7473,5.548092333,1
0.163835,0.118519,3.375,0.37037,0.0291262,0.288,0,271.6837,5.604638522,1
0.031461,0.238636,0.412698,0.487179,0.0012711,0.3005714,0,287.9427,5.662761502,0
0.0240664,0.581897,0.192593,0.423077,0.0009336,0.3902439,0,207.0011,5.332724107,0
0.0165128,0.490683,0.481013,0.605263,0.0007179,0.3902439,0,209.7329,5.345834816,0
0.0220282,0.474654,0.15534,0.3125,0.0009136,0.394309,0,218.0457,5.384704674,0
0.0230636,0.429204,0.216495,0.619048,0.0009185,0.402439,0,230.3797,5.439728817,0
0.0174132,0.468208,0.37037,0.4,0.0009059,0.4186992,0,244.8559,5.500669874,0
0.0211692,0.247706,0.518519,0.678571,0.000874,0.4268293,0,241.6674,5.487562401,0
0.0265806,0.317857,0.314607,0.25,0.0008544,0.4349594,0,261.2416,5.56544565,0
0.028504,0.210651,0.578652,0.349515,0.0012481,0.7361809,0,241.8666,5.488386334,0
0.0373545,0.333929,0.395722,0.506757,0.0013007,0.7462311,0,256.4614,5.546978166,1
0.0275623,0.389222,0.510769,0.319277,0.0013203,0.7487437,0,264.7235,5.578685885,0
0.0232703,0.411017,0.350515,0.519608,0.0013147,0.7562814,0,277.7108,5.626580284,0
0.0271005,0.381885,0.423077,0.484848,0.00136,0.7613065,0,297.0062,5.693753014,0
0.0257495,0.370988,0.301038,0.563218,0.0013552,0.7688442,0,310.8021,5.739156375,0
0.0299856,0.354733,0.340491,0.594595,0.0013704,0.7788945,0,323.3142,5.778624606,0
0.0515935,0.186197,0.397229,0.453488,0.0016307,1.39726,0,264.6823,5.578530239,1
0.0585298,0.212658,0.406554,0.379085,0.0017198,1.415525,0,345.9542,5.846306396,1
0.05091,0.206387,0.48702,0.415778,0.0019203,1.432268,0,292.4764,5.67838398,1
0.0508713,0.200426,0.474522,0.469799,0.0020781,1.444444,0,312.0214,5.743071775,1
0.0525701,0.191107,0.423693,0.508816,0.0021873,1.459665,0,330.9298,5.801906268,1
0.0490622,0.228821,0.448372,0.539419,0.0022453,1.482496,0,343.6935,5.839750272,1
0.0551686,0.221542,0.426778,0.443137,0.0021887,1.515982,0,362.3961,5.892737813,1
0.0209532,0.0588235,14.3333,0.534884,0.0073952,0.5714286,0,219.402,5.390905664,0
0.0185088,0.178862,0.681818,0.6,0.0016553,0.592437,0,232.4212,5.448551243,0
0.0160101,0.32093,0.826087,0.245614,0.0016382,0.592437,0,239.7686,5.479674292,0
0.0137135,0.184211,1.14286,0.5,0.0011548,0.605042,0,258.913,5.556492098,0
0.0136124,0.248555,0.651163,0.392857,0.0015737,0.605042,0,270.634,5.600767355,0
0.0117459,0.242604,1.65854,0.176471,0.0013205,0.6092437,0,282.9172,5.645154275,0
0.0164987,0.271967,1.01538,0.227273,0.0015187,0.6092437,0,307.5583,5.728664663,0
0.0241835,0.260579,0.495726,0.403448,0.000991,1.173638,0,243.8717,5.496642267,0
0.0248051,0.261915,0.35082,0.331776,0.0008414,1.186312,0,254.8018,5.540485988,0
0.0208599,0.250632,0.491935,0.479508,0.0010962,1.200253,0,266.098,5.583864662,0
0.0215881,0.237518,0.387755,0.421053,0.001172,1.219265,0,277.0537,5.62421135,0
0.0255308,0.250408,0.491028,0.481728,0.0012724,1.234474,0,298.0369,5.697217304,0
0.0279068,0.224068,0.406919,0.396761,0.0012671,1.254753,0,313.6887,5.748401093,0
0.0264557,0.299198,0.360153,0.340426,0.0013243,1.273764,0,326.3187,5.787874511,0
0.0372807,0.276843,0.561845,0.436567,0.0012766,0.9538784,0,232.8063,5.450206777,1
0.031383,0.410361,0.498339,0.443333,0.0012622,0.9433962,0,224.4958,5.413856999,0
0.0315881,0.350536,0.437859,0.471616,0.0012703,0.9475891,0,254.8885,5.540826195,1
0.0301159,0.336462,0.656652,0.496732,0.0014134,0.9538784,0,265.3867,5.581188008,0
0.0282947,0.319907,0.670702,0.436823,0.0013588,0.9685535,0,282.264,5.642842803,0
0.0266522,0.329268,0.730864,0.435811,0.0014084,0.9685535,0,288.7159,5.66544316,0
0.0317563,0.345368,0.52071,0.458333,0.0013845,0.9622641,0,297.2919,5.694714484,1
0.0441616,0.275405,0.55102,0.414815,0.0012708,1.083246,0,240.2468,5.481666728,1
0.0358587,0.304955,0.645422,0.458971,0.0013154,1.092729,0,252.5754,5.531709818,1
0.0283191,0.349571,0.696762,0.426761,0.0013892,1.102213,0,265.6067,5.582016643,0
0.0284567,0.390252,0.562445,0.430124,0.0014839,1.111696,0,279.2758,5.632199824,0
0.0311808,0.413175,0.548126,0.403485,0.0014767,1.118019,0,290.2493,5.670740209,0
0.0316701,0.444378,0.528112,0.352345,0.0014507,1.118019,0,305.5447,5.722096085,1
0.0312279,0.4082,0.559823,0.386544,0.0014592,1.12961,0,318.6615,5.764129411,0
0.0360251,0.26057,0.389937,0.506452,0.0018656,1.481547,0,249.7753,5.520561714,1
0.031602,0.352789,0.420942,0.527363,0.0018212,1.485062,0,286.2148,5.656742578,1
0.0314258,0.282721,0.544863,0.513126,0.0018139,1.492091,0,254.5928,5.539665406,0
0.0266499,0.315401,0.537827,0.478261,0.0018961,1.497364,0,283.4172,5.646920017,0
0.0274601,0.307824,0.670833,0.501035,0.0019489,1.502636,0,296.9984,5.693726752,0
0.0256915,0.296077,0.613251,0.459799,0.0019573,1.502636,0,313.3529,5.747330031,0
0.0305908,0.278287,0.443681,0.377709,0.0019178,1.509666,0,336.1444,5.81754083,0
0.035173,0.280326,0.359526,0.547904,0.0016769,1.932563,0,257.1875,5.549805391,1
0.0292244,0.34219,0.374607,0.537815,0.0016685,1.94605,0,270.6603,5.600864529,0
0.0287771,0.263082,0.429355,0.527157,0.001672,1.953757,0,292.4375,5.678250969,0
0.0287943,0.251169,0.362464,0.561265,0.0015128,1.957611,0,312.0673,5.74321887,0
0.031777,0.230261,0.548644,0.465116,0.0018555,1.996146,0,323.5067,5.779219825,1
0.0308711,0.233853,0.560317,0.498584,0.0017418,2.013488,0,338.4381,5.82434121,0
0.036233,0.24359,0.49294,0.476563,0.0015862,2.019268,0,358.755,5.882639704,1
0.0222742,0.350703,0.400943,0.482353,0.0013818,0.9630282,0,238.7312,5.475338233,0
0.0207294,0.301406,0.419825,0.631944,0.0013479,0.9806338,0,250.2408,5.522423654,0
0.0196418,0.298039,0.536184,0.607362,0.001348,0.9788733,0,261.0762,5.564812319,0
0.0171226,0.391257,0.592179,0.433962,0.0013661,0.9947183,0,480.7033,6.17525024,0
0.0198354,0.331541,0.57027,0.454976,0.0012619,1.003521,0,279.4413,5.632792253,0
0.0218999,0.287089,0.530726,0.421053,0.0011767,1.001761,0,286.7882,5.658743964,0
0.020007,0.482425,0.508197,0.451613,0.0012482,1.005282,0,308.4298,5.731494265,0
0.0248116,0.23431,0.767857,0.44186,0.0013496,0.5269271,0,224.8836,5.415582935,0
0.0224186,0.244691,0.769811,0.441176,0.0012834,0.5279831,0,236.0878,5.46420377,0
0.0215107,0.322857,1.13569,0.218182,0.0013111,0.5279831,0,243.6645,5.495792279,0
0.0191925,0.327568,0.435644,0.462121,0.0013487,0.532207,0,260.3828,5.562152856,0
0.0203012,0.311828,0.53605,0.391813,0.0012899,0.532207,0,275.5174,5.618650784,0
0.0172874,0.326365,0.501779,0.397163,0.0013051,0.531151,0,298.6802,5.699373436,0
0.0215728,0.310987,0.401198,0.455224,0.0013659,0.5353749,0,298.7729,5.699683753,0
0.0477432,0.359558,0.410488,0.365639,0.0017694,1.025078,0,247.8544,5.512841477,1
0.0425763,0.394625,0.47491,0.464151,0.0017163,1.037618,0,261.4484,5.566236941,1
0.0421413,0.403307,0.54902,0.415584,0.0016057,1.043887,0,279.9327,5.634549217,1
0.0408157,0.303611,0.57767,0.52521,0.0017144,1.056426,0,291.4273,5.674790575,1
0.0440056,0.338144,0.428862,0.440758,0.0016937,1.053292,0,307.6624,5.729003078,1
0.0391644,0.406056,0.466539,0.504098,0.0015508,1.056426,0,317.5211,5.760544273,1
0.0508341,0.340679,0.468531,0.432836,0.0015138,1.07837,0,336.5447,5.818730978,1
0.0294232,0.403047,0.293814,0.438596,0.0015282,1.227273,0,245.1647,5.50193023,0
0.0260284,0.395511,0.358121,0.377049,0.0014505,1.229798,0,261.8077,5.567610265,0
0.0183428,0.38913,0.421788,0.377483,0.0014953,1.237374,0,271.184,5.602797557,0
0.0181909,0.46086,0.334928,0.378571,0.0015243,1.260101,0,284.5391,5.650870678,0
0.021896,0.420569,0.347162,0.427673,0.0015482,1.267677,0,299.3717,5.701685945,0
0.0213432,0.413632,0.340858,0.417219,0.001654,1.270202,0,312.6041,5.744937534,0
0.0238285,0.36227,0.322581,0.371429,0.0015514,1.275253,0,328.0341,5.793117566,0
0.0145053,0.295688,1.29167,0.241935,0.0008042,0.7455752,0,239.2298,5.477424596,0
0.0165503,0.224199,0.666667,0.5,0.0007657,0.7588496,0,233.0564,5.451280484,0
0.0125903,0.238426,1,0.514563,0.0009035,0.761062,0,264.0608,5.57617938,0
0.010994,0.361039,0.546763,0.421053,0.000771,0.7721239,0,283.9743,5.648883741,0
0.0092151,0.377709,0.819672,0.42,0.0007703,0.7831858,0,312.7397,5.745371215,0
0.0118263,0.215311,1.04444,0.478723,0.0010185,0.7876106,0,325.842,5.786412601,0
0.0121033,0.343387,0.722973,0.448598,0.0010952,0.800885,0,336.8036,5.819499971,0
0.0189838,0.153444,1.10795,0.517949,0.0013737,1.109462,0,242.582,5.491339798,0
0.0209131,0.151017,1.04145,0.452736,0.0013909,1.109462,0,255.9333,5.544916864,0
0.023208,0.143754,1.28641,0.513208,0.0013766,1.111317,0,267.9729,5.590885856,0
0.0213532,0.128736,1.22619,0.533981,0.0014235,1.124304,0,281.0318,5.63846783,0
0.0235205,0.109944,1.47134,0.536797,0.0014,1.12987,0,297.8448,5.696572545,0
0.0209747,0.166014,1.07075,0.563877,0.0013797,1.141002,0,279.9218,5.634510278,0
0.0243954,0.175649,0.909091,0.458333,0.0015744,1.152134,0,335.8713,5.816728051,0
0.0134337,0.151515,2,0.35,0.0054956,0.1977186,0,202.9713,5.31306459,0
0.0122786,0.163934,2.3,0.478261,0.0056361,0.1996198,0,455.6255,6.1216712,0
0.0163379,0.54878,0.222222,0.2,0.0055788,0.2015209,0,226.5609,5.423013783,0
0.010373,0.403846,0.571429,0.25,0.0051865,0.2034221,0,217.3105,5.381327206,0
0.0047703,0.289474,0.636364,0.571429,0.0035149,0.2034221,0,228.4674,5.431393531,0
0.0090203,0.25,1.27778,0.26087,0.0027562,0.2034221,0,254.8339,5.54061196,0
0.0139937,0.530435,0.327869,0.15,0.0031638,0.2034221,0,259.8283,5.560021028,0
0.0175623,0.306954,0.390625,0.44,0.0015162,0.6322751,0,239.7552,5.479618403,0
0.0164474,0.372152,0.44898,0.424242,0.0015406,0.6402116,0,260.4885,5.562558714,0
0.0170197,0.326877,0.377778,0.431373,0.001566,0.6481482,0,273.0795,5.609762962,0
0.0242597,0.161765,1.13636,0.52,0.0066001,0.6587301,0,284.5952,5.65106782,0
0.0189785,0.308668,0.363014,0.415094,0.0016049,0.6772487,0,307.6383,5.728924742,0
0.0171221,0.267123,0.683761,0.35,0.0016809,0.6851852,0,319.8353,5.767806176,0
0.0164932,0.350348,0.410596,0.387097,0.0016455,0.6878307,0,336.7558,5.819358039,0
0.028366,0.444444,0.352113,0.416667,0.0014945,1.13302,0,253.1503,5.533983383,0
0.0258779,0.354248,0.534483,0.404692,0.0014512,1.15493,0,267.7429,5.590027192,0
0.0246299,0.253464,0.498861,0.410959,0.0015358,1.173709,0,276.9214,5.623733711,0
0.0256946,0.304604,0.456942,0.446154,0.0015131,1.198748,0,293.2491,5.681022418,0
0.0277412,0.354207,0.383978,0.352518,0.0014929,1.223787,0,309.9094,5.736279997,0
0.0314961,0.333754,0.361917,0.400697,0.0015509,1.248826,0,327.8176,5.792457356,0
0.031872,0.377543,0.328664,0.42623,0.0014782,1.28169,0,344.6954,5.842661128,1
0.0563677,0.220038,0.3878,0.5,0.0015673,1.485944,0,231.0383,5.442583498,1
0.0617686,0.178201,0.371359,0.509804,0.0014961,1.497992,0,245.6452,5.503888218,1
0.0605235,0.169506,0.474227,0.494565,0.0016658,1.51004,0,256.924,5.548780321,1
0.0534929,0.222712,0.446154,0.448276,0.0016234,1.518072,0,268.1978,5.591724768,1
0.0470632,0.206877,0.482289,0.446328,0.0016183,1.538153,0,279.9646,5.634663167,1
0.0626827,0.177352,0.481221,0.434146,0.0015919,1.554217,0,292.1144,5.677145506,1
0.0729479,0.18259,0.343023,0.548023,0.0017295,1.570281,0,308.4494,5.73155781,1
0.0601894,0.178908,0.295956,0.434783,0.0018376,3.617096,1,295.7567,5.689537157,1
0.0583432,0.199297,0.279832,0.434434,0.0018891,3.689696,1,315.33,5.75361971,1
0.0512834,0.195475,0.318971,0.469758,0.0019372,3.80445,1,338.7421,5.825239051,1
0.0472032,0.206969,0.330038,0.429952,0.0020187,3.961358,1,361.5595,5.89042662,1
0.0480699,0.188473,0.383159,0.360307,0.0020255,4.147541,1,386.9839,5.95838309,1
0.0530244,0.206792,0.340046,0.360668,0.0020384,4.285714,1,408.9703,6.013642537,1
0.0568423,0.204216,0.381908,0.367347,0.0021275,4.388759,1,425.8236,6.054025176,1
0.0107527,0.7,6.28571,0.340909,0.011828,0.3793911,0,203.1075,5.313735396,0
0.0148936,1.07143,3.06667,0.347826,0.012766,0.3770492,0,215.0134,5.370700352,0
0.0105374,1.2,3.33333,0.475,0.0126449,0.3793911,0,229.332,5.435170735,0
0.0151844,1.21429,4.11765,0.271429,0.0119306,0.3840749,0,238.0383,5.472431585,0
0.0078125,0.25,37,0.459459,0.0136719,0.3840749,0,251.0033,5.525466086,0
0.0045815,0.295775,2.28571,0.458333,0.0009034,0.3864169,0,261.2515,5.565483545,0
0.0108703,0.195266,2.12121,0.442857,0.0012221,0.3887588,0,495.9648,6.206504956,0
0.0338507,0.26556,0.539063,0.333333,0.0011939,0.4427711,0,223.0885,5.407568554,1
0.0312457,0.264444,1,0.294118,0.001111,0.439759,0,230.7418,5.441299336,0
0.0221291,0.273292,1.04545,0.326087,0.0010996,0.439759,0,239.127,5.476994792,0
0.024611,0.270115,0.521277,0.591837,0.0011315,0.436747,0,250.5425,5.523628567,0
0.0254524,0.263006,1.43956,0.290076,0.0012506,0.439759,0,258.3383,5.554269966,0
0.0239377,0.352584,0.568966,0.409091,0.0008731,0.436747,0,279.6508,5.633541682,0
0.0345231,0.332669,0.443114,0.432432,0.0011691,0.4427711,0,292.6191,5.678871763,1
0.0314674,0.181639,0.304348,0.285714,0.0021745,1.038217,0,231.876,5.446202746,0
0.0316963,0.195736,0.70297,0.183099,0.0016585,1.057325,0,243.8465,5.496538929,1
0.0269621,0.249154,0.461538,0.470588,0.0020366,1.066879,0,254.0977,5.537718839,0
0.0245914,0.254177,0.389671,0.433735,0.0021129,1.082803,0,263.1948,5.572894442,0
0.0271844,0.153261,0.390071,0.4,0.0019502,1.089172,0,275.8108,5.619715123,0
0.0287322,0.150769,0.272109,0.375,0.0019744,1.098726,0,298.8459,5.699928056,0
0.031313,0.161381,0.300578,0.288462,0.0022784,1.101911,0,319.7516,5.767544444,0
0.0371162,0.270559,0.333333,0.516717,0.0011395,1.761733,0,234.2014,5.456181429,1
0.0404994,0.278192,0.33125,0.45283,0.0011468,1.763538,0,246.9393,5.509142557,1
0.036537,0.221948,0.411619,0.426426,0.001243,1.768953,0,262.6832,5.570948743,1
0.0330351,0.259823,0.37163,0.394322,0.0011974,1.779783,0,274.7641,5.615912911,1
0.0345692,0.253968,0.391509,0.475904,0.0012113,1.783394,0,288.8573,5.665932795,1
0.0345793,0.210354,0.298444,0.383886,0.0011934,1.758123,0,302.2562,5.711275002,1
0.0458895,0.172257,0.45,0.421053,0.0012273,1.772563,0,315.7018,5.754798097,1
0.0192107,0.390009,0.426966,0.573684,0.000926,0.7859043,0,251.5758,5.527744336,0
0.0240456,0.330775,0.468354,0.563063,0.0009732,0.7912234,0,240.7522,5.483768189,0
0.0220034,0.350189,0.331897,0.448052,0.0009964,0.7965425,0,276.5953,5.622555427,0
0.0171735,0.342967,0.640449,0.442982,0.0009761,0.8045213,0,294.5145,5.685328238,0
0.0180945,0.356682,0.576227,0.38565,0.0010006,0.8085107,0,314.8161,5.751988659,0
0.0194505,0.341006,0.485,0.407216,0.0012105,0.8071808,0,326.9873,5.789921332,0
0.0235277,0.266055,0.588859,0.423423,0.0011789,0.8138298,0,349.5414,5.85662201,0
0.0631212,0.223671,0.29148,0.45,0.0017569,1.695187,0,265.7602,5.582594398,1
0.0588861,0.276907,0.242802,0.494071,0.001784,1.705882,0,278.6463,5.629943236,1
0.0573422,0.231103,0.310668,0.449057,0.0017866,1.719251,0,295.3252,5.688077122,1
0.0551157,0.156901,0.337522,0.494681,0.0019252,1.727273,0,310.7199,5.738891863,1
0.0236432,0.24697,1.56442,0.478431,0.0042988,1.721925,0,321.6247,5.773385338,0
0.030095,0.208738,1.44186,0.475806,0.0043097,1.727273,0,336.7836,5.819440588,0
0.0313973,0.201397,1.67052,0.470588,0.0044592,1.745989,0,351.2125,5.861391453,0
0.0178621,0.158915,1.06098,0.356322,0.0008308,0.8571429,0,225.472,5.418195983,0
0.0180711,0.229167,0.545455,0.363636,0.0009241,0.8660714,0,239.7129,5.479441957,0
0.0155747,0.226667,0.480392,0.428571,0.0010729,0.8690476,0,257.8611,5.552421068,0
0.0136619,0.204188,1.41026,0.372727,0.0011087,0.8720238,0,264.023,5.576036221,0
0.0130857,0.180556,0.830769,0.333333,0.0010541,0.875,0,272.6564,5.608212394,0
0.012874,0.112676,2.25,0.244444,0.0010879,0.8809524,0,293.9274,5.683332798,0
0.0141928,0.207595,1.18293,0.360825,0.0011857,0.889881,0,311.8836,5.742630041,0